--
-- PostgreSQL database dump
--

-- Dumped from database version 12.9 (Ubuntu 12.9-2.pgdg20.04+1)
-- Dumped by pg_dump version 12.9 (Ubuntu 12.9-2.pgdg20.04+1)

SET statement_timeout = 0;
SET lock_timeout = 0;
SET idle_in_transaction_session_timeout = 0;
SET client_encoding = 'UTF8';
SET standard_conforming_strings = on;
SELECT pg_catalog.set_config('search_path', '', false);
SET check_function_bodies = false;
SET xmloption = content;
SET client_min_messages = warning;
SET row_security = off;

DROP DATABASE salon;
--
-- Name: salon; Type: DATABASE; Schema: -; Owner: freecodecamp
--

CREATE DATABASE salon WITH TEMPLATE = template0 ENCODING = 'UTF8' LC_COLLATE = 'C.UTF-8' LC_CTYPE = 'C.UTF-8';


ALTER DATABASE salon OWNER TO freecodecamp;

\connect salon

SET statement_timeout = 0;
SET lock_timeout = 0;
SET idle_in_transaction_session_timeout = 0;
SET client_encoding = 'UTF8';
SET standard_conforming_strings = on;
SELECT pg_catalog.set_config('search_path', '', false);
SET check_function_bodies = false;
SET xmloption = content;
SET client_min_messages = warning;
SET row_security = off;

SET default_tablespace = '';

SET default_table_access_method = heap;

--
-- Name: appointments; Type: TABLE; Schema: public; Owner: freecodecamp
--

CREATE TABLE public.appointments (
    appointment_id integer NOT NULL,
    customer_id integer,
    service_id integer,
    "time" character varying(30)
);


ALTER TABLE public.appointments OWNER TO freecodecamp;

--
-- Name: appointments_appointment_id_seq; Type: SEQUENCE; Schema: public; Owner: freecodecamp
--

CREATE SEQUENCE public.appointments_appointment_id_seq
    AS integer
    START WITH 1
    INCREMENT BY 1
    NO MINVALUE
    NO MAXVALUE
    CACHE 1;


ALTER TABLE public.appointments_appointment_id_seq OWNER TO freecodecamp;

--
-- Name: appointments_appointment_id_seq; Type: SEQUENCE OWNED BY; Schema: public; Owner: freecodecamp
--

ALTER SEQUENCE public.appointments_appointment_id_seq OWNED BY public.appointments.appointment_id;


--
-- Name: customers; Type: TABLE; Schema: public; Owner: freecodecamp
--

CREATE TABLE public.customers (
    customer_id integer NOT NULL,
    phone character varying(15) NOT NULL,
    name character varying(50) NOT NULL
);


ALTER TABLE public.customers OWNER TO freecodecamp;

--
-- Name: customers_customer_id_seq; Type: SEQUENCE; Schema: public; Owner: freecodecamp
--

CREATE SEQUENCE public.customers_customer_id_seq
    AS integer
    START WITH 1
    INCREMENT BY 1
    NO MINVALUE
    NO MAXVALUE
    CACHE 1;


ALTER TABLE public.customers_customer_id_seq OWNER TO freecodecamp;

--
-- Name: customers_customer_id_seq; Type: SEQUENCE OWNED BY; Schema: public; Owner: freecodecamp
--

ALTER SEQUENCE public.customers_customer_id_seq OWNED BY public.customers.customer_id;


--
-- Name: services; Type: TABLE; Schema: public; Owner: freecodecamp
--

CREATE TABLE public.services (
    service_id integer NOT NULL,
    name character varying(50) NOT NULL
);


ALTER TABLE public.services OWNER TO freecodecamp;

--
-- Name: services_service_id_seq; Type: SEQUENCE; Schema: public; Owner: freecodecamp
--

CREATE SEQUENCE public.services_service_id_seq
    AS integer
    START WITH 1
    INCREMENT BY 1
    NO MINVALUE
    NO MAXVALUE
    CACHE 1;


ALTER TABLE public.services_service_id_seq OWNER TO freecodecamp;

--
-- Name: services_service_id_seq; Type: SEQUENCE OWNED BY; Schema: public; Owner: freecodecamp
--

ALTER SEQUENCE public.services_service_id_seq OWNED BY public.services.service_id;


--
-- Name: appointments appointment_id; Type: DEFAULT; Schema: public; Owner: freecodecamp
--

ALTER TABLE ONLY public.appointments ALTER COLUMN appointment_id SET DEFAULT nextval('public.appointments_appointment_id_seq'::regclass);


--
-- Name: customers customer_id; Type: DEFAULT; Schema: public; Owner: freecodecamp
--

ALTER TABLE ONLY public.customers ALTER COLUMN customer_id SET DEFAULT nextval('public.customers_customer_id_seq'::regclass);


--
-- Name: services service_id; Type: DEFAULT; Schema: public; Owner: freecodecamp
--

ALTER TABLE ONLY public.services ALTER COLUMN service_id SET DEFAULT nextval('public.services_service_id_seq'::regclass);


--
-- Data for Name: appointments; Type: TABLE DATA; Schema: public; Owner: freecodecamp
--

INSERT INTO public.appointments VALUES (11, 46, 2, '11:11');
INSERT INTO public.appointments VALUES (13, 46, 8, '18:00');
INSERT INTO public.appointments VALUES (14, 47, 4, '15:00');
INSERT INTO public.appointments VALUES (15, 47, 1, '12:00');
INSERT INTO public.appointments VALUES (16, 48, 9, '19:10');
INSERT INTO public.appointments VALUES (18, 64, 1, '10:30');
INSERT INTO public.appointments VALUES (19, 64, 2, '15:30');
INSERT INTO public.appointments VALUES (20, 64, 2, '11am');
INSERT INTO public.appointments VALUES (21, 70, 6, '13:30');


--
-- Data for Name: customers; Type: TABLE DATA; Schema: public; Owner: freecodecamp
--

INSERT INTO public.customers VALUES (45, '333-3333-3333', 'Mary');
INSERT INTO public.customers VALUES (46, '111-1111-1111', 'Neo');
INSERT INTO public.customers VALUES (47, '444-4444-4444', 'Hanna');
INSERT INTO public.customers VALUES (48, '000-0000-0000', 'Mark');
INSERT INTO public.customers VALUES (64, '555-555-5555', 'Fabio');
INSERT INTO public.customers VALUES (70, '999-9999-9999', 'Elise');


--
-- Data for Name: services; Type: TABLE DATA; Schema: public; Owner: freecodecamp
--

INSERT INTO public.services VALUES (1, 'Haircut and styling');
INSERT INTO public.services VALUES (2, 'Hair coloring and highlights');
INSERT INTO public.services VALUES (3, 'Hair extensions');
INSERT INTO public.services VALUES (4, 'Hair straightening and perming');
INSERT INTO public.services VALUES (5, 'Manicures and pedicures');
INSERT INTO public.services VALUES (6, 'Nail extensions and nail art');
INSERT INTO public.services VALUES (7, 'Facials and skincare treatments');
INSERT INTO public.services VALUES (8, 'Waxing and hair removal');
INSERT INTO public.services VALUES (9, 'Makeup application and lessons');
INSERT INTO public.services VALUES (10, 'Eyelash extensions and tinting');


--
-- Name: appointments_appointment_id_seq; Type: SEQUENCE SET; Schema: public; Owner: freecodecamp
--

SELECT pg_catalog.setval('public.appointments_appointment_id_seq', 26, true);


--
-- Name: customers_customer_id_seq; Type: SEQUENCE SET; Schema: public; Owner: freecodecamp
--

SELECT pg_catalog.setval('public.customers_customer_id_seq', 130, true);


--
-- Name: services_service_id_seq; Type: SEQUENCE SET; Schema: public; Owner: freecodecamp
--

SELECT pg_catalog.setval('public.services_service_id_seq', 10, true);


--
-- Name: appointments appointments_pkey; Type: CONSTRAINT; Schema: public; Owner: freecodecamp
--

ALTER TABLE ONLY public.appointments
    ADD CONSTRAINT appointments_pkey PRIMARY KEY (appointment_id);


--
-- Name: customers customers_phone_key; Type: CONSTRAINT; Schema: public; Owner: freecodecamp
--

ALTER TABLE ONLY public.customers
    ADD CONSTRAINT customers_phone_key UNIQUE (phone);


--
-- Name: customers customers_pkey; Type: CONSTRAINT; Schema: public; Owner: freecodecamp
--

ALTER TABLE ONLY public.customers
    ADD CONSTRAINT customers_pkey PRIMARY KEY (customer_id);


--
-- Name: services services_pkey; Type: CONSTRAINT; Schema: public; Owner: freecodecamp
--

ALTER TABLE ONLY public.services
    ADD CONSTRAINT services_pkey PRIMARY KEY (service_id);


--
-- Name: appointments appointments_customer_id_fkey; Type: FK CONSTRAINT; Schema: public; Owner: freecodecamp
--

ALTER TABLE ONLY public.appointments
    ADD CONSTRAINT appointments_customer_id_fkey FOREIGN KEY (customer_id) REFERENCES public.customers(customer_id);


--
-- Name: appointments appointments_service_id_fkey; Type: FK CONSTRAINT; Schema: public; Owner: freecodecamp
--

ALTER TABLE ONLY public.appointments
    ADD CONSTRAINT appointments_service_id_fkey FOREIGN KEY (service_id) REFERENCES public.services(service_id);


--
-- PostgreSQL database dump complete
--

